<?xml version="1.0" encoding="UTF-8" standalone="no"?>
<work-item>
    <field id="author">mTest</field>
    <field id="categories">
        <list>
            <item>gui</item>
            <item>ui</item>
        </list>
    </field>
    <field id="created">2017-05-18 11:39:35.225 +0200</field>
    <field id="description" text-type="text/html">&lt;b&gt;Test Run:&lt;/b&gt; &lt;span id="link" class="polarion-rte-link" data-type="testRun" data-item-id="1_0 UAT" data-option-id="long"&gt;&lt;/span&gt;&lt;br/&gt;&lt;b&gt;Test Case:&lt;/b&gt; &lt;span id="link" class="polarion-rte-link" data-type="workItem" data-item-id="EL-43" data-option-id="long"&gt;&lt;/span&gt;&lt;br/&gt;&lt;table class="polarion-no-style-cleanup" style="border-collapse: collapse;"&gt;&lt;tr style="text-align: left; white-space: nowrap; color: #757575; border-bottom: 1px solid #d2d7da; background-color: #ffffff;"&gt;&lt;th style="text-align: left; padding: 10px; vertical-align: top; background-color: #ffffff;"&gt;&lt;/th&gt;&lt;th style="text-align: left; padding: 10px; vertical-align: top; background-color: #ffffff;"&gt;#&lt;/th&gt;&lt;th style="text-align: left; padding: 10px; vertical-align: top; background-color: #ffffff;"&gt;&lt;span class="polarion-no-style-cleanup" title="Step"&gt;Step&lt;/span&gt;&lt;/th&gt;&lt;th style="text-align: left; padding: 10px; vertical-align: top; background-color: #ffffff;"&gt;&lt;span class="polarion-no-style-cleanup" title="Step Description"&gt;Step Description&lt;/span&gt;&lt;/th&gt;&lt;th style="text-align: left; padding: 10px; vertical-align: top; background-color: #ffffff;"&gt;&lt;span class="polarion-no-style-cleanup" title="Expected Result"&gt;Expected Result&lt;/span&gt;&lt;/th&gt;&lt;th style="text-align: left; padding: 10px; vertical-align: top; background-color: #ffffff;"&gt;Actual Result&lt;/th&gt;&lt;/tr&gt;&lt;tr style="border-bottom: 1px solid #f0f0f0;"&gt;&lt;td style="text-align: left; padding: 10px; vertical-align: top; background-color: #ffffff;"&gt;&lt;span class="polarion-no-style-cleanup" title="Passed"&gt;&lt;span style="white-space:nowrap;"&gt;&lt;img src="/polarion/icons/default/enums/testrun_status_passed.png" onmousedown="return false;" style="vertical-align:text-bottom;border:0px;margin-right:2px;" contentEditable="false" class="polarion-no-style-cleanup"/&gt;&lt;/span&gt;&lt;/span&gt;&lt;/td&gt;&lt;td style="text-align: left; padding: 10px; vertical-align: top; background-color: #ffffff;font-weight: bold;"&gt;1&lt;/td&gt;&lt;td style="text-align: left; padding: 10px; vertical-align: top; background-color: #ffffff;font-weight: bold;"&gt;Open the portal view.&lt;/td&gt;&lt;td style="text-align: left; padding: 10px; vertical-align: top; background-color: #ffffff;"&gt;Login to the E-Library Portal. &lt;/td&gt;&lt;td style="text-align: left; padding: 10px; vertical-align: top; background-color: #ffffff;"&gt;Portal view is opened and different portlets are rendered there.&lt;/td&gt;&lt;td style="text-align: left; padding: 10px; vertical-align: top; background-color: #ffffff;"&gt;&lt;/td&gt;&lt;/tr&gt;&lt;tr style="border-bottom: 1px solid #f0f0f0;"&gt;&lt;td style="text-align: left; padding: 10px; vertical-align: top; background-color: #ffffff;"&gt;&lt;span class="polarion-no-style-cleanup" title="Failed"&gt;&lt;span style="white-space:nowrap;"&gt;&lt;img src="/polarion/icons/default/enums/testrun_status_failed.png" onmousedown="return false;" style="vertical-align:text-bottom;border:0px;margin-right:2px;" contentEditable="false" class="polarion-no-style-cleanup"/&gt;&lt;/span&gt;&lt;/span&gt;&lt;/td&gt;&lt;td style="text-align: left; padding: 10px; vertical-align: top; background-color: #ffffff;font-weight: bold;"&gt;2&lt;/td&gt;&lt;td style="text-align: left; padding: 10px; vertical-align: top; background-color: #ffffff;font-weight: bold;"&gt;Check &amp;quot;Top 10 favorite books&amp;quot;&lt;/td&gt;&lt;td style="text-align: left; padding: 10px; vertical-align: top; background-color: #ffffff;"&gt;The portal view page shoud display the &amp;quot;Top 10 favorite books&amp;quot; portlet by default.&lt;/td&gt;&lt;td style="text-align: left; padding: 10px; vertical-align: top; background-color: #ffffff;"&gt;The portlet is displayed and it 10 books are listed.&lt;/td&gt;&lt;td style="text-align: left; padding: 10px; vertical-align: top; background-color: #ffffff;"&gt;&lt;/td&gt;&lt;/tr&gt;&lt;/table&gt;&lt;table style="margin-bottom: 15px; ;border-collapse: collapse; width:100%; ;margin-top: 13px;" class="polarion-no-style-cleanup"&gt;&lt;tr&gt;&lt;th style="width: 80%; text-align: left; background-color: #ffffff;"&gt;Test Case Verdict:&lt;/th&gt;&lt;/tr&gt;&lt;tr&gt;&lt;td style="vertical-align: top;"&gt;&lt;span style="font-weight: bold;"&gt;&lt;span style="color: #E74C3C;"&gt;&lt;span class="polarion-no-style-cleanup" title="Failed"&gt;&lt;span style="white-space:nowrap;"&gt;&lt;img src="/polarion/icons/default/enums/testrun_status_failed.png" onmousedown="return false;" style="vertical-align:text-bottom;border:0px;margin-right:2px;" contentEditable="false" class="polarion-no-style-cleanup"/&gt;&lt;/span&gt;Failed&lt;/span&gt;&lt;/span&gt;&lt;/span&gt;&lt;/td&gt;&lt;/tr&gt;&lt;/table&gt;</field>
    <field id="linkedWorkItems">
        <list>
            <struct>
                <item id="role">triggered_by</item>
                <item id="workItem">EL-43</item>
            </struct>
        </list>
    </field>
    <field id="occurredInVersion" type="string">1.0</field>
    <field id="priority">50.0</field>
    <field id="severity">normal</field>
    <field id="status">open</field>
    <field id="title">Failed: Favorite Books</field>
    <field id="type">issue</field>
</work-item>
