<?xml version="1.0" encoding="UTF-8" standalone="no"?>
<topics xmlns="http://polarion.com/schema/Portal/Topics" xmlns:xsi="http://www.w3.org/2001/XMLSchema-instance" xsi:schemaLocation="http://polarion.com/schema/Portal/Topics">
    <topic id="workitems"/>
    <topic id="wiki"/>
    <topic id="plans"/>
    <topic id="testruns"/>
    <topic id="baselines"/>
    <topic id="builds"/>
<!--<topic id="dashboard"/>-->
    <topic id="quality"/>
    <topic id="reports"/>
    <topic id="monitor"/>
    <topic id="repository_browser"/>
    <topic id="global_shortcuts"/>
    <topic id="project_shortcuts"/>
    <topic id="user_shortcuts"/>
</topics>
