<?xml version="1.0" encoding="UTF-8" standalone="no"?>
<work-item>
    <field id="assignee">sDeveloper</field>
    <field id="author">sDeveloper</field>
    <field id="created">2017-02-16 15:10:25.239 +0100</field>
    <field id="initialEstimate">4h</field>
    <field id="previousStatus">open</field>
    <field id="priority">50.0</field>
    <field id="resolution">done</field>
    <field id="resolvedOn">2017-02-22 19:16:23.893 +0100</field>
    <field id="severity">normal</field>
    <field id="status">verified</field>
    <field id="timeSpent">4h</field>
    <field id="title">Setup test reporting</field>
    <field id="type">task</field>
</work-item>
