<?xml version="1.0" encoding="UTF-8" standalone="no"?>
<work-item>
    <field id="assignee">
        <list>
            <item>sDeveloper</item>
            <item>pGUI</item>
        </list>
    </field>
    <field id="author">rProject</field>
    <field id="categories">
        <list>
            <item>usermanagement</item>
        </list>
    </field>
    <field id="created">2010-12-02 10:26:51.027 +0100</field>
    <field id="description" text-type="text/html">Users must be able to configure their contact information.</field>
    <field id="initialEstimate">3d</field>
    <field id="previousStatus">accepted</field>
    <field id="priority">55.0</field>
    <field id="remainingEstimate">4h</field>
    <field id="resolvedOn">2010-12-02 10:36:52.421 +0100</field>
    <field id="severity">should_have</field>
    <field id="status">inprogress</field>
    <field id="storyPoints" type="integer">4</field>
    <field id="timeSpent">1d 2h</field>
    <field id="title">Configure contact information</field>
    <field id="type">userstory</field>
</work-item>
