<?xml version="1.0" encoding="UTF-8" standalone="no"?>
<work-item>
    <field id="assignee">
        <list>
            <item>sDeveloper</item>
            <item>pGUI</item>
        </list>
    </field>
    <field id="author">rProject</field>
    <field id="categories">
        <list>
            <item>searching</item>
        </list>
    </field>
    <field id="created">2010-12-02 10:44:57.128 +0100</field>
    <field id="description" text-type="text/html">Users should be able to maintain their list of &amp;quot;Favorite&amp;quot; books.</field>
    <field id="initialEstimate">4d 4h</field>
    <field id="previousStatus">accepted</field>
    <field id="priority">64.0</field>
    <field id="remainingEstimate">3d 1h</field>
    <field id="resolvedOn">2010-12-02 10:45:24.488 +0100</field>
    <field id="severity">nice_to_have</field>
    <field id="status">inprogress</field>
    <field id="storyPoints" type="integer">6</field>
    <field id="timeSpent">1d 3h</field>
    <field id="title">Maintain the list of favorite books</field>
    <field id="type">userstory</field>
</work-item>
