<?xml version="1.0" encoding="UTF-8" standalone="no"?>
<work-item>
    <field id="assignee">sDeveloper</field>
    <field id="author">rProject</field>
    <field id="categories">
        <list>
            <item>searching</item>
        </list>
    </field>
    <field id="created">2010-11-20 13:19:33.379 +0100</field>
    <field id="description" text-type="text/html">Users aslo like to search for content. This requires a full-text search option.</field>
    <field id="initialEstimate">2d 3h</field>
    <field id="previousStatus">accepted</field>
    <field id="priority">46.0</field>
    <field id="remainingEstimate">2d 3h</field>
    <field id="resolvedOn">2010-12-02 10:36:52.622 +0100</field>
    <field id="severity">should_have</field>
    <field id="status">inprogress</field>
    <field id="storyPoints" type="integer">3</field>
    <field id="title">Users like to also search for content - (Full-text search)</field>
    <field id="type">userstory</field>
</work-item>
