<?xml version="1.0" encoding="UTF-8" standalone="no"?>
<work-item>
    <field id="assignee">sDeveloper</field>
    <field id="author">rProject</field>
    <field id="categories">
        <list>
            <item>searching</item>
        </list>
    </field>
    <field id="created">2010-11-20 12:36:46.409 +0100</field>
    <field id="description" text-type="text/html">Users want to be able to search for authors by name.</field>
    <field id="initialEstimate">6d</field>
    <field id="previousStatus">closed</field>
    <field id="priority">79.0</field>
    <field id="resolution">done</field>
    <field id="resolvedOn">2010-11-25 16:34:21.038 +0100</field>
    <field id="severity">must_have</field>
    <field id="status">verified</field>
    <field id="storyPoints" type="integer">8</field>
    <field id="timeSpent">6d</field>
    <field id="title">Search for an author by author name</field>
    <field id="type">userstory</field>
</work-item>
