<?xml version="1.0" encoding="UTF-8" standalone="no"?>
<rich-page>
    <field id="author">admin</field>
    <field id="created">2017-01-17 10:08:47.378 +0100</field>
    <field id="homePageContent" text-type="text/html"><![CDATA[<div class="polarion-rp-column" style="width: 100%;">
  <h1 id="polarion_hardcoded_0">Change Request Statistics</h1>
  <p id="polarion_1">
    <span class="polarion-rp-inline-widget" data-widget="com.polarion.scriptInline">
      <span class="polarion-rp-widget-parameters" style="display: none;">
        <sub id="script">
          <sub id="script" style="white-space:pre;">## Reported By
#set($infoText = &quot;Reported by $transaction.users().getBy().id($securityService.getCurrentUser()).render()&lt;br/&gt;$date.long&quot;)
#if($widgetContext.target().isEditor())
	&lt;div style=&quot;color: grey; text-align: left;&quot;&gt;$infoText&lt;div&gt;
#elseif($widgetContext.target().isPdf())
	&lt;div style=&quot;color: grey; text-align: right; position: absolute; top: 22px; right: 10px;&quot;&gt;$infoText&lt;div&gt;
#elseif($widgetContext.target().isPrint())		
	&lt;div style=&quot;text-align: right; position: absolute; top: 35px; right: 10px;&quot;&gt;$infoText&lt;div&gt;
#end</sub>
        </sub>
      </span>
    </span>
  </p>
</div>
<div class="polarion-rp-row-separator" page_min_width="1000"></div>
<div class="polarion-rp-column" style="width: 100%;">
  <h2 id="polarion_client20">Change Requests by Status</h2>
  <div id="polarion_client3" class="polarion-rp-widget-part" data-widget="itemsbystatustiles">
    <span class="polarion-rp-widget-parameters" style="display: none;">
      <sub id="dataSet">
        <sub id="prototype">WorkItem</sub>
        <sub id="subtype">changerequest</sub>
        <sub id="queryType">lucene</sub>
        <sub id="luceneQuery" style="white-space:pre;"></sub>
      </sub>
      <sub id="displayChart">true</sub>
      <sub id="align">
        <sub id="values">
          <sub>center</sub>
        </sub>
      </sub>
    </span>
  </div>
</div>
<div class="polarion-rp-row-separator"></div>
<div class="polarion-rp-column" style="width: 100%;">
  <h2 id="polarion_client30">Change Request Trends (30 days)</h2>
  <p id="polarion_client21"></p>
</div>
<div class="polarion-rp-row-separator"></div>
<div class="polarion-rp-column" style="width: 70%;">
  <div id="polarion_client15" class="polarion-rp-widget-part" data-widget="com.polarion.intervalFieldChart">
    <span class="polarion-rp-widget-parameters" style="display: none;">
      <sub id="title"></sub>
      <sub id="data">
        <sub id="elements">
          <sub>
            <sub id="prototype">WorkItem</sub>
            <sub id="subtype">changerequest</sub>
            <sub id="queryType">lucene</sub>
            <sub id="luceneQuery" style="white-space:pre;"></sub>
            <sub id="children">
              <sub id="intervalField">
                <sub id="field">created</sub>
              </sub>
              <sub id="name">New Change Requests</sub>
              <sub id="color">rgb(155, 89, 182)</sub>
            </sub>
          </sub>
          <sub>
            <sub id="prototype">WorkItem</sub>
            <sub id="subtype">changerequest</sub>
            <sub id="queryType">lucene</sub>
            <sub id="luceneQuery" style="white-space:pre;">status:verified</sub>
            <sub id="children">
              <sub id="intervalField">
                <sub id="field">created</sub>
              </sub>
              <sub id="name">New Verified Change Requests</sub>
              <sub id="color">rgb(0, 128, 0)</sub>
            </sub>
          </sub>
        </sub>
      </sub>
      <sub id="timeAxis">
        <sub id="from">
          <sub id="relative">-30</sub>
        </sub>
        <sub id="to">
          <sub id="relative">0</sub>
        </sub>
        <sub id="scaleType">day</sub>
        <sub id="baseDate">1</sub>
      </sub>
      <sub id="advanced">
        <sub id="height">300px</sub>
        <sub id="width"></sub>
      </sub>
    </span>
  </div>
  <div id="polarion_client7" class="polarion-rp-widget-part" data-widget="com.polarion.multiSetTrendChart">
    <span class="polarion-rp-widget-parameters" style="display: none;">
      <sub id="title"></sub>
      <sub id="data">
        <sub id="elements">
          <sub>
            <sub id="prototype">WorkItem</sub>
            <sub id="subtype">changerequest</sub>
            <sub id="queryType">lucene</sub>
            <sub id="luceneQuery" style="white-space:pre;"></sub>
            <sub id="children">
              <sub id="name">Total Change Requests</sub>
              <sub id="color">rgb(163, 0, 0)</sub>
            </sub>
          </sub>
          <sub>
            <sub id="prototype">WorkItem</sub>
            <sub id="subtype">changerequest</sub>
            <sub id="queryType">lucene</sub>
            <sub id="luceneQuery" style="white-space:pre;">status:verified</sub>
            <sub id="children">
              <sub id="name">Total Verified Change Requests</sub>
              <sub id="color">rgb(0, 128, 0)</sub>
            </sub>
          </sub>
        </sub>
      </sub>
      <sub id="timeAxis">
        <sub id="from">
          <sub id="relative">-30</sub>
        </sub>
        <sub id="to">
          <sub id="relative">0</sub>
        </sub>
        <sub id="scaleType">day</sub>
        <sub id="baseDate">1</sub>
      </sub>
      <sub id="advanced">
        <sub id="height">200px</sub>
        <sub id="width"></sub>
      </sub>
    </span>
  </div>
  <p id="polarion_client13"></p>
</div>
<div class="polarion-rp-column" style="width: 30%;">
  <div id="polarion_client22" class="polarion-rp-widget-part" data-widget="com.polarion.scriptBlock">
    <span class="polarion-rp-widget-parameters" style="display: none;">
      <sub id="script">
        <sub id="script" style="white-space:pre;">#info(&quot;Change Requests that are either Reviewed or Approved.&quot;)</sub>
      </sub>
    </span>
  </div>
  <div id="polarion_client39" class="polarion-rp-widget-part" data-widget="com.polarion.multiSetTrendChart">
    <span class="polarion-rp-widget-parameters">
      <sub id="title">Change Requests in Process</sub>
      <sub id="data">
        <sub id="elements">
          <sub>
            <sub id="prototype">WorkItem</sub>
            <sub id="subtype">changerequest</sub>
            <sub id="queryType">lucene</sub>
            <sub id="luceneQuery" style="white-space:pre;">status:(reviewed approved)</sub>
            <sub id="children">
              <sub id="name">Total Change Requests in Process</sub>
              <sub id="color">rgb(163, 0, 0)</sub>
            </sub>
          </sub>
        </sub>
      </sub>
      <sub id="timeAxis">
        <sub id="from">
          <sub id="relative">-30</sub>
        </sub>
        <sub id="to">
          <sub id="relative">0</sub>
        </sub>
        <sub id="scaleType">day</sub>
        <sub id="baseDate">1</sub>
      </sub>
      <sub id="advanced">
        <sub id="height">200px</sub>
        <sub id="width"></sub>
      </sub>
    </span>
  </div>
  <p id="polarion_client36"></p>
</div>
<div class="polarion-rp-row-separator"></div>
<div class="polarion-rp-column" style="width: 100%;">
  <h2 id="polarion_client2">Implementation Time</h2>
  <div id="polarion_client5" class="polarion-rp-widget-part" data-widget="com.polarion.scriptBlock">
    <span class="polarion-rp-widget-parameters" style="display: none;">
      <sub id="script">
        <sub id="script" style="white-space:pre;">$widgetContext.renderInfo(&quot;The graphs show Change Requests implemented in amount of weeks after the creation (Resolved On - Created On = X weeks).&quot;)</sub>
      </sub>
    </span>
  </div>
  <p id="polarion_client1"></p>
</div>
<div class="polarion-rp-row-separator"></div>
<div class="polarion-rp-column" style="width: 50%;">
  <div id="polarion_client11" class="polarion-rp-widget-part" data-widget="com.polarion.scriptedChart">
    <span class="polarion-rp-widget-parameters" style="display: none;">
      <sub id="script">
        <sub id="script" style="white-space:pre;">###############################################################################
##
## Velocity Context - following objects are in the velocity context
##
## com.polarion.alm.shared.api.transaction.ReadOnlyTransaction $transaction
## com.polarion.alm.shared.api.model.rp.RichPage $page
## com.polarion.alm.shared.api.model.rp.widget.RichPageWidgetRenderingContext $widgetContext
## com.polarion.alm.shared.api.model.plan.Plan $plan
##
#set($maxWeeks = 20)

#set($sqlHi = &quot;SELECT WI.C_PK FROM WORKITEM WI, PROJECT PROJECT WHERE WI.C_TYPE=&#39;changerequest&#39; AND (WI.C_SEVERITY=&#39;must_have&#39; OR WI.C_SEVERITY=&#39;should_have&#39;) AND WI.C_STATUS=&#39;verified&#39; AND WI.FK_URI_PROJECT=PROJECT.C_URI AND PROJECT.C_ID=&#39;$page.getReference().projectId()&#39;&quot;)
#set($sqlOther = &quot;SELECT WI.C_PK FROM WORKITEM WI, PROJECT PROJECT WHERE WI.C_TYPE=&#39;changerequest&#39; AND (WI.C_SEVERITY=&#39;nice_to_have&#39; OR WI.C_SEVERITY=&#39;will_not_have&#39;) AND WI.C_STATUS=&#39;verified&#39; AND WI.FK_URI_PROJECT=PROJECT.C_URI AND PROJECT.C_ID=&#39;$page.getReference().projectId()&#39;&quot;)
#set($countHi = $transaction.workItems().count().query(&quot;SQL:($sqlHi)&quot;).result())
#set($countOther = $transaction.workItems().count().query(&quot;SQL:($sqlOther)&quot;).result())

#set($quo = &#39;&quot;&#39;)
#set($subtitle = &quot;&lt;div style=$quo border:1px solid #95A5A6; padding:4px;$quo&gt;Total Verified Change Requests: $math.add($countHi, $countOther)&lt;br/&gt;Must/Should Have Change Requests: $countHi&lt;br/&gt;Total Nice to/Will not Have Change Requests: $countOther&lt;/div&gt;&quot;)

#set($blockerCritical = &quot;0&quot;)
#set($other = &quot;0&quot;)
#set($category = &quot;&#39;&#39;&quot;)

#macro(searchInWeeks $weeks)
	#set($days = 0)
	#set($daysBefore = 0)
	#set($num = 0)
	#set($fl = 0)
	#set($days = $math.mul($weeks, 7))
	#set($daysBefore = $math.sub($days, 8))
	#set($sqlDatePart = &quot;AND (cast(WI.C_RESOLVEDON as date) - cast(WI.C_CREATED as date)) &lt; $days AND (cast(WI.C_RESOLVEDON as date) - cast(WI.C_CREATED as date)) &gt; $daysBefore&quot;)
	#set($num = $transaction.workItems().count().query(&quot;SQL:($sqlHi $sqlDatePart)&quot;).result())
	#set($blockerCritical = &quot;$!blockerCritical, $num&quot;)
	#set($num = $transaction.workItems().count().query(&quot;SQL:($sqlOther $sqlDatePart)&quot;).result())
	#set($other = &quot;$!other, $num&quot;)
	#set($category = &quot;$!category, &#39;$weeks&#39;&quot;)
#end

#macro(searchMoreWeeks $weeks)
	#set($days = 0)
	#set($num = 0)
	#set($days = $math.mul($weeks, 7))
	#set($sqlDatePart = &quot;AND (cast(WI.C_RESOLVEDON as date) - cast(WI.C_CREATED as date))&gt;$days&quot;)
	#set($num = $transaction.workItems().count().query(&quot;SQL:($sqlHi $sqlDatePart)&quot;).result())
	#set($blockerCritical = &quot;$!blockerCritical, $num&quot;)
	#set($num = $transaction.workItems().count().query(&quot;SQL:($sqlOther $sqlDatePart)&quot;).result())
	#set($other = &quot;$!other, $num&quot;)
	#set($category = &quot;$!category, &#39;More&#39;&quot;)
#end

#foreach($i in [1..$maxWeeks]) 
	#searchInWeeks($i) 
#end
#searchMoreWeeks($maxWeeks) 

{
	chart: {
		type: &#39;column&#39;,
		zoomType: &#39;x&#39;
	}, 
	title: {
		text: &#39;# of Change Requests fixed&#39;
	},
	subtitle: {
		text: &#39;$subtitle&#39;, 
		useHTML: true
	},
	exporting: {
		enabled: false
	},
	credits: {
		enabled: false
	}, 
	xAxis: { 
		title: {
			text: &#39;Week&#39;
		},
		maxPadding: 0, 
	  	type: &#39;category&#39;, 
	  	categories: [$category] 
	  }, 
	yAxis: {
		title: {
			text: &#39;Amount&#39;
		},
		gridLineWidth: 0, 
		min: 0,
		minTickInterval: 1
	},
	tooltip: {
		shared: true,
        headerFormat: &#39;&lt;b&gt;Week {point.x}&lt;/b&gt;&lt;br/&gt;&#39;,
        pointFormat: &#39;{series.name}: {point.y}&lt;br/&gt;&#39;
    },
	plotOptions: {
        column: {
            stacking: &#39;normal&#39;,
            dataLabels: {
                enabled: false,
                color: (Highcharts.theme &amp;&amp; Highcharts.theme.dataLabelsColor) || &#39;white&#39;
            }
        }
    },
	series: [ 
		{ 
			name: &#39;Blocker or Critical Change Requests&#39;, 
		  	color: &#39;#E74C3C&#39;,
		  	data: [$blockerCritical] 
		}, 
		{ 
			name: &#39;Other Change Requests&#39;, 
		  	color: &#39;#2ECC71&#39;,
		  	data: [$other] 
		}
	] 
}
        </sub>
      </sub>
      <sub id="advanced">
        <sub id="height"></sub><sub id="width"></sub>
      </sub>
    </span>
  </div>
  <p id="polarion_client6"></p>
</div>
<div class="polarion-rp-column" style="width: 50%;">
  <div id="polarion_client14" class="polarion-rp-widget-part" data-widget="com.polarion.scriptedChart">
    <span class="polarion-rp-widget-parameters" style="display: none;">
      <sub id="script">
        <sub id="script" style="white-space:pre;">###############################################################################
##
## Velocity Context - following objects are in the velocity context
##
## com.polarion.alm.shared.api.transaction.ReadOnlyTransaction $transaction
## com.polarion.alm.shared.api.model.rp.RichPage $page
## com.polarion.alm.shared.api.model.rp.widget.RichPageWidgetRenderingContext $widgetContext
## com.polarion.alm.shared.api.model.plan.Plan $plan
## com.polarion.alm.shared.api.utils.velocity.ObjectFactory $objectFactory
##
#set($maxWeeks = 20)

#set($sqlHi = &quot;SELECT WI.C_PK FROM WORKITEM WI, PROJECT PROJECT WHERE WI.C_TYPE=&#39;changerequest&#39; AND (WI.C_SEVERITY=&#39;must_have&#39; OR WI.C_SEVERITY=&#39;should_have&#39;) AND WI.C_STATUS=&#39;verified&#39; AND WI.FK_URI_PROJECT=PROJECT.C_URI AND PROJECT.C_ID=&#39;$page.getReference().projectId()&#39;&quot;)
#set($sqlOther = &quot;SELECT WI.C_PK FROM WORKITEM WI, PROJECT PROJECT WHERE WI.C_TYPE=&#39;changerequest&#39; AND (WI.C_SEVERITY=&#39;nice_to_have&#39; OR WI.C_SEVERITY=&#39;will_not_have&#39;) AND WI.C_STATUS=&#39;verified&#39; AND WI.FK_URI_PROJECT=PROJECT.C_URI AND PROJECT.C_ID=&#39;$page.getReference().projectId()&#39;&quot;)
#set($countHi = $transaction.workItems().count().query(&quot;SQL:($sqlHi)&quot;).result())
#set($countOther = $transaction.workItems().count().query(&quot;SQL:($sqlOther)&quot;).result())
#set($countHiPer = $math.div($countHi, $math.div($math.add($countHi, $countOther), 100)))
#set($countOtherPer = $math.div($countOther, $math.div($math.add($countHi, $countOther), 100)))
#set($countTotal = $math.add($countHi, $countOther))

#set($quo = &#39;&quot;&#39;)
#set($subtitle = &quot;&lt;div style=$quo border:1px solid #95A5A6; padding:4px;$quo&gt;Total Verified Change Requests: $math.add($countHi, $countOther)&lt;br/&gt;Must/Should Have Change Requests: $countHi&lt;br/&gt;Total Nice to/Will not Have Change Requests: $countOther&lt;/div&gt;&quot;)

#set($hiPer = [])
#set($otherPer = [])
#set($categories = [])

#macro(searchInWeeks $weeks)
	#set($days = 0)
	#set($daysBefore = 0)
	#set($count = 0)
	#set($fl = 0)
	#set($days = $math.mul($weeks, 7))
	#set($daysBefore = $math.sub($days, 8))
	#set($sqlDatePart = &quot;AND (cast(WI.C_RESOLVEDON as date) - cast(WI.C_CREATED as date)) &lt; $days AND (cast(WI.C_RESOLVEDON as date) - cast(WI.C_CREATED as date)) &gt; $daysBefore&quot;)
	#set($count = $transaction.workItems().count().query(&quot;SQL:($sqlHi $sqlDatePart)&quot;).result())
	#set($fl = $math.div($math.mul($count, 100), $countTotal))
	#set($void = $hiPer.add($fl))
	#set($count = $transaction.workItems().count().query(&quot;SQL:($sqlOther $sqlDatePart)&quot;).result())
	#set($fl = $math.div($math.mul($count, 100), $countTotal))
	#set($void = $otherPer.add($fl))
	#if($weeks == 1)
		#set($void = $categories.add(&quot;1st&quot;))
		#elseif($weeks == 2)
		#set($void = $categories.add(&quot;2nd&quot;))
	#elseif($weeks == 3)
		#set($void = $categories.add(&quot;3rd&quot;))
	#else
		#set($void = $categories.add(&quot;${weeks}th&quot;))
	#end
#end

#macro(searchMoreWeeks $weeks)
	#set($days = 0)
	#set($count = 0)
	#set($days = $math.mul($weeks, 7))
	#set($sqlDatePart = &quot;AND (cast(WI.C_RESOLVEDON as date) - cast(WI.C_CREATED as date))&gt;$days&quot;)
	#set($count = $transaction.workItems().count().query(&quot;SQL:($sqlHi $sqlDatePart)&quot;).result())
	#set($fl = $math.div($math.mul($count, 100), $countTotal))
	#set($void = $hiPer.add($fl))
	#set($count = $transaction.workItems().count().query(&quot;SQL:($sqlOther $sqlDatePart)&quot;).result())
	#set($fl = $math.div($math.mul($count, 100), $countTotal))
	#set($void = $otherPer.add($fl))
	#set($void = $categories.add(&quot;More&quot;))
#end

#foreach($i in [1..$maxWeeks]) 
	#searchInWeeks($i) 
#end
#searchMoreWeeks($maxWeeks) 

{
	chart: {
		type: &#39;pie&#39;
	},
	title: {
		text: &#39;% of Change Requests fixed per Week&#39;
	},
	subtitle: {
		text: &#39;$subtitle&#39;, 
		useHTML: true
	},
	plotOptions: {
		pie: {
			shadow: false,
			center: [&#39;50%&#39;, &#39;50%&#39;]
		}
	},
	series: [
		{
			data: [
				#set($colorStep = $math.div($math.mul($math.div(1, 100), 75), $math.add($maxWeeks, 1)))
				#set($colorBrightness = $math.mul($math.div(1, 100), 25))
				#foreach($i in [1..$math.add($maxWeeks, 1)])
					#set($colorBrightness = $math.add($colorBrightness, $colorStep))
					#if($velocityCount != 1), #end
					{
						name: &#39;$categories.get($math.sub($i, 1)) Week&#39;,
						y: $math.add($hiPer.get($math.sub($i, 1)), $otherPer.get($math.sub($i, 1))),
						color: &#39;rgba(127, 140, 141, $colorBrightness)&#39;
					}
				#end
			],
			tooltip: {
				pointFormat: &#39;{point.percentage:.2f}%&#39;,
				valueSuffix: &#39;%&#39;
			},
			size: &#39;60%&#39;,
			dataLabels: {
				formatter: function () {
					return this.y &gt; 0 ? this.point.name.replace(&#39; Week&#39;, &#39;&#39;) : null;
				},
				color: &#39;#000000&#39;,
				distance: -30
			}
		},
		{
			data: [
				#foreach($i in [1..$math.add($maxWeeks, 1)])
					#if($i &lt;= $maxWeeks)
						#set($prefix = &quot;(${i}W)&quot;)
					#else
						#set($prefix = &quot;More&quot;)
					#end
					#if($velocityCount != 1), #end
					{
						name: &#39;$prefix &lt;b&gt;Blocker or Critical&lt;/b&gt;&#39;,
						y: $hiPer.get($math.sub($i, 1)),
						color: &#39;#E74C3C&#39;
					},
					{
						name: &#39;$prefix &lt;b&gt;Other&lt;/b&gt;&#39;,
						y: $otherPer.get($math.sub($i, 1)),
						color: &#39;#2ECC71&#39;
					}
				#end
			],
			tooltip: {
				pointFormat: &#39;{point.percentage:.2f}%&#39;,
				valueSuffix: &#39;%&#39;
			},
			size: &#39;80%&#39;,
			innerSize: &#39;60%&#39;,
			dataLabels: {
				formatter: function () {
					return this.y &gt; 0 ? this.point.name + &#39; &#39; + Highcharts.numberFormat(this.y, 2) + &#39;%&#39; : null;
				}
			},
			id: &#39;weeks&#39;
		}
	]
}
        </sub>
      </sub>
      <sub id="advanced">
        <sub id="height"></sub><sub id="width"></sub>
      </sub>
    </span>
  </div>
  <p id="polarion_client9"></p>
</div>
<div class="polarion-rp-row-separator"></div>
<div class="polarion-rp-column" style="width: 100%;">
  <h2 id="polarion_client32">Change Requests by Category</h2>
  <p id="polarion_client31"></p>
</div>
<div class="polarion-rp-row-separator"></div>
<div class="polarion-rp-column" style="width: 70%;">
  <div id="polarion_client18" class="polarion-rp-widget-part" data-widget="com.polarion.scriptBlock">
    <span class="polarion-rp-widget-parameters" style="display: none;">
      <sub id="script">
        <sub id="script" style="white-space:pre;">## Change Requests by Category Table
#set($projectId = $page.getReference().projectId())
&lt;table class=&quot;polarion-rpw-table-content&quot;&gt;
	&lt;thead&gt;
		&lt;tr class=&quot;polarion-rpw-table-header-row&quot;&gt;
			&lt;th&gt;Category&lt;/th&gt;
			&lt;th style=&quot;text-align: center;&quot;&gt;Count&lt;/th&gt;
		&lt;/tr&gt;
	&lt;/thead&gt;
	&lt;/tbody&gt;
		#foreach($category in $transaction.categories().search().query(&quot;project.id:$projectId&quot;).sort(&quot;id&quot;))
			#set($categoryId = $category.getReference().id())
			#set($query = &quot;project.id:$projectId AND type:changerequest AND categories.id:$categoryId&quot;)
			#set($count = $transaction.workItems().count().query(&quot;$query&quot;).result())
			#if($count &gt; 0)
				#set($link = $transaction.context().createPortalLink().project(&quot;$projectId&quot;).workItems().query(&quot;$query&quot;).toEncodedRelativeUrl())
				&lt;tr class=&quot;polarion-rpw-table-content-row&quot;&gt;
					&lt;td&gt;$category.render()&lt;/td&gt;
					&lt;td&gt;&lt;a href=&quot;$link&quot; target=&quot;_top&quot; style=&quot;display: block; width: 100%; height: 100%; text-align: center;&quot;&gt;$count&lt;/a&gt;&lt;/td&gt;
				&lt;/tr&gt;
			#end
		#end
		#set($query = &quot;project.id:$projectId AND type:changerequest AND NOT HAS_VALUE:categories.id&quot;)
		#set($link = $transaction.context().createPortalLink().project(&quot;$projectId&quot;).workItems().query(&quot;$query&quot;).toEncodedRelativeUrl())
		#set($count = $transaction.workItems().count().query(&quot;$query&quot;).result())
		&lt;tr class=&quot;polarion-rpw-table-content-row&quot;&gt;
			&lt;td&gt;Un-categorized&lt;/td&gt;
			&lt;td&gt;&lt;a href=&quot;$link&quot; target=&quot;_top&quot; style=&quot;display: block; width: 100%; height: 100%; text-align: center;&quot;&gt;$count&lt;/a&gt;&lt;/td&gt;
		&lt;/tr&gt;
	&lt;/tbody&gt;
&lt;/table&gt;</sub>
      </sub>
    </span>
  </div>
  <p id="polarion_client25"></p><p id="polarion_client28"></p><p id="polarion_client29"></p>
</div>
<div class="polarion-rp-column" style="width: 30%;">
  <div id="polarion_client8" class="polarion-rp-widget-part" data-widget="com.polarion.scriptBlock">
    <span class="polarion-rp-widget-parameters">
      <sub id="script">
        <sub id="script" style="white-space:pre;">## Change Requests by Category Graph
#set($projectId = $page.getReference().projectId())
&lt;div class=&quot;polarion-rp-widget-part&quot; data-widget=&quot;com.polarion.multiSetPieChart&quot;&gt;
	&lt;span class=&quot;polarion-rp-widget-parameters&quot;&gt;
		&lt;sub id=&quot;title&quot;&gt;&lt;/sub&gt;
		&lt;sub id=&quot;sectors&quot;&gt;
			&lt;sub id=&quot;elements&quot;&gt;
				#foreach($category in $transaction.categories().search().query(&quot;project.id:$projectId&quot;).sort(&quot;id&quot;))
					#set($categoryId = $category.getReference().id())
					#set($query = &quot;project.id:$projectId AND type:changerequest AND categories.id:$categoryId&quot;)
					&lt;sub&gt;
						&lt;sub id=&quot;prototype&quot;&gt;WorkItem&lt;/sub&gt;
						&lt;sub id=&quot;queryType&quot;&gt;luceneVelocity&lt;/sub&gt;
						&lt;sub id=&quot;luceneQuery&quot;&gt;$query&lt;/sub&gt;
						&lt;sub id=&quot;children&quot;&gt;
							&lt;sub id=&quot;sectorName&quot;&gt;$category.fields().name().get()&lt;/sub&gt;
							&lt;sub id=&quot;sectorColor&quot;&gt;&lt;/sub&gt;
						&lt;/sub&gt;
					&lt;/sub&gt;
				#end
				&lt;sub&gt;
					&lt;sub id=&quot;prototype&quot;&gt;WorkItem&lt;/sub&gt;
					&lt;sub id=&quot;queryType&quot;&gt;luceneVelocity&lt;/sub&gt;
					&lt;sub id=&quot;luceneQuery&quot;&gt;project.id:$projectId AND type:changerequest AND NOT HAS_VALUE:categories.id&lt;/sub&gt;
					&lt;sub id=&quot;children&quot;&gt;
						&lt;sub id=&quot;sectorName&quot;&gt;Un-categorized&lt;/sub&gt;
						&lt;sub id=&quot;sectorColor&quot;&gt;rgb(155, 89, 182)&lt;/sub&gt;
					&lt;/sub&gt;
				&lt;/sub&gt;
			&lt;/sub&gt;
		&lt;/sub&gt;
		&lt;sub id=&quot;showDataLabels&quot;&gt;true&lt;/sub&gt;
		&lt;sub id=&quot;showZeroValues&quot;&gt;false&lt;/sub&gt;
		&lt;sub id=&quot;advanced&quot;&gt;
			&lt;sub id=&quot;height&quot;&gt;250px&lt;/sub&gt;
		&lt;/sub&gt;
	&lt;/span&gt;
&lt;/div&gt;</sub>
      </sub>
    </span>
  </div>
</div>
<div class="polarion-rp-row-separator"></div>]]></field>
    <field id="title">Change Request Statistics</field>
</rich-page>
