<?xml version="1.0" encoding="UTF-8" standalone="no"?>
<work-item>
    <field id="assignee">sDeveloper</field>
    <field id="author">rProject</field>
    <field id="categories">
        <list>
            <item>api</item>
            <item>searching</item>
        </list>
    </field>
    <field id="created">2009-05-24 13:18:46.488 +0200</field>
    <field id="initialEstimate">4h</field>
    <field id="linkedWorkItems">
        <list>
            <struct>
                <item id="role">implements</item>
                <item id="workItem">EL-132</item>
            </struct>
        </list>
    </field>
    <field id="previousStatus">open</field>
    <field id="priority">50.0</field>
    <field id="resolution">done</field>
    <field id="resolvedOn">2009-05-24 13:21:24.938 +0200</field>
    <field id="severity">normal</field>
    <field id="status">verified</field>
    <field id="timeSpent">1d</field>
    <field id="title">Define API for advanced book search</field>
    <field id="type">task</field>
</work-item>
