<?xml version="1.0" encoding="UTF-8" standalone="no"?>
<enumeration>
    <option color="#2980B9" iconURL="/polarion/icons/default/enums/req_status_draft.gif" id="draft" name="Draft" sortOrder="1"/>
    <option color="#9B59B6" iconURL="/polarion/icons/default/enums/req_status_reviewed.gif" id="reviewed" name="Reviewed" sortOrder="3"/>
    <option color="#8E44AD" iconURL="/polarion/icons/default/enums/req_status_accepted.gif" id="accepted" name="Accepted" sortOrder="5"/>
    <option color="#3498DB" iconURL="/polarion/icons/default/enums/build_WAITING.png" id="inprogress" name="In Progress" sortOrder="6"/>
    <option color="#F1C40F" iconURL="/polarion/icons/default/enums/req_status_changes_needed.gif" id="changesneeded" name="Change Implementation" sortOrder="7"/>
    <option color="#2ECC71" iconURL="/polarion/icons/default/enums/req_status_implemented.gif" id="implemented" name="Implemented" sortOrder="8"/>
    <option color="#BDC3C7" iconURL="/polarion/icons/default/enums/req_status_verified.gif" id="verified" name="Verified" sortOrder="9"/>
    <option color="#7F8C8D" iconURL="/polarion/icons/default/enums/req_status_rejected.gif" id="rejected" name="Rejected" sortOrder="10"/>
</enumeration>
