<?xml version="1.0" encoding="UTF-8" standalone="no"?>
<work-item>
    <field id="assignee">pGUI</field>
    <field id="author">rProject</field>
    <field id="categories">
        <list>
            <item>ui</item>
        </list>
    </field>
    <field id="created">2009-05-24 11:34:06.005 +0200</field>
    <field id="description" text-type="text/html"><![CDATA[<div>
            <p>
                <br/>
            </p>
        </div>]]></field>
    <field id="initialEstimate">2 1/2d</field>
    <field id="linkedWorkItems">
        <list>
            <struct>
                <item id="role">depends_on</item>
                <item id="workItem">EL-50</item>
            </struct>
            <struct>
                <item id="role">implements</item>
                <item id="workItem">EL-136</item>
            </struct>
        </list>
    </field>
    <field id="priority">50.0</field>
    <field id="remainingEstimate">2 1/2d</field>
    <field id="severity">normal</field>
    <field id="status">open</field>
    <field id="title">Implement contact area on user profile dialog</field>
    <field id="type">task</field>
</work-item>
