<?xml version="1.0" encoding="UTF-8" standalone="no"?>
<work-item>
    <field id="assignee">sDeveloper</field>
    <field id="author">rProject</field>
    <field id="categories">
        <list>
            <item>ui</item>
            <item>objects</item>
            <item>searching</item>
        </list>
    </field>
    <field id="created">2017-05-03 16:40:05.155 +0200</field>
    <field id="initialEstimate">4d 3h</field>
    <field id="linkedWorkItems">
        <list>
            <struct>
                <item id="role">implements</item>
                <item id="workItem">EL-205</item>
            </struct>
        </list>
    </field>
    <field id="priority">50.0</field>
    <field id="remainingEstimate">4d 3h</field>
    <field id="severity">normal</field>
    <field id="status">open</field>
    <field id="title">Implement: System Speed</field>
    <field id="type">task</field>
</work-item>
