<?xml version="1.0" encoding="UTF-8" standalone="no"?>
<work-item>
    <field id="assignee">pGUI</field>
    <field id="author">rProject</field>
    <field id="categories">
        <list>
            <item>objects</item>
        </list>
    </field>
    <field id="created">2010-11-20 13:08:12.510 +0100</field>
    <field id="description" text-type="text/html"><![CDATA[Users want to view basic information about the book:<br/>
 
<ul>
  <li>Title</li>
  <li>Author</li>
  <li>Published date</li>
  <li>ISBN <br/>
    </li>
</ul>]]></field>
    <field id="initialEstimate">6d</field>
    <field id="previousStatus">closed</field>
    <field id="priority">88.0</field>
    <field id="resolution">done</field>
    <field id="resolvedOn">2010-11-25 16:34:20.928 +0100</field>
    <field id="severity">must_have</field>
    <field id="status">verified</field>
    <field id="storyPoints" type="integer">8</field>
    <field id="timeSpent">6d</field>
    <field id="title">Basic Book Details</field>
    <field id="type">userstory</field>
</work-item>
