<?xml version="1.0" encoding="UTF-8" standalone="no"?>
<work-item>
    <field id="assignee">sDeveloper</field>
    <field id="author">rProject</field>
    <field id="categories">
        <list>
            <item>searching</item>
        </list>
    </field>
    <field id="created">2010-11-20 12:33:18.590 +0100</field>
    <field id="description" text-type="text/html">Users typicaly search for the book by name. This feature should be accesssible all the times.</field>
    <field id="initialEstimate">3d 2h</field>
    <field id="previousStatus">closed</field>
    <field id="priority">83.0</field>
    <field id="resolution">done</field>
    <field id="resolvedOn">2010-11-25 16:34:21.008 +0100</field>
    <field id="severity">must_have</field>
    <field id="status">verified</field>
    <field id="storyPoints" type="integer">5</field>
    <field id="timeSpent">3d 2h</field>
    <field id="title">Search for a book by book name</field>
    <field id="type">userstory</field>
</work-item>
